{
  "block_id": "block_003_strategic_plan",
  "label": "Strategic Plan",
  "category": "1 Business Plans",
  "description": "A UMG block for Strategic Plan.",
  "molt_type": "Primary",
  "tags": [
    "ai",
    "umg",
    "block",
    "plan",
    "strategic",
    "builder"
  ],
  "cantocore": "PRIM:STRATEGIC_PLAN",
  "snap_config": {
    "snap_to": [
      "stack"
    ],
    "fit_score": 100
  },
  "merge_logic": {},
  "ledger": {
    "originator": "Christopher L Haynes",
    "verified_by": "PoeUMG",
    "created_at": "2025-06-30T00:54:12.248815",
    "edit_log": []
  },
  "display": {},
  "code_modules": [],
  "runtime_behavior_flags": {},
  "agent_orchestration": {},
  "integration_layer": {},
  "future_extensions": [],
  "example_block_data": {}
}