{
  "block_id": "block_003_cash_flow_statement",
  "label": "Cash Flow Statement",
  "category": "2 Financial Reports",
  "description": "A UMG block for Cash Flow Statement.",
  "molt_type": "Instruction",
  "tags": [
    "ai",
    "umg",
    "block",
    "flow",
    "builder",
    "statement",
    "cash"
  ],
  "cantocore": "INST:CASH_FLOW_STATEMENT",
  "snap_config": {
    "snap_to": [
      "stack"
    ],
    "fit_score": 100
  },
  "merge_logic": {},
  "ledger": {
    "originator": "Christopher L Haynes",
    "verified_by": "PoeUMG",
    "created_at": "2025-06-30T00:54:12.250500",
    "edit_log": []
  },
  "display": {},
  "code_modules": [],
  "runtime_behavior_flags": {},
  "agent_orchestration": {},
  "integration_layer": {},
  "future_extensions": [],
  "example_block_data": {}
}