{
  "block_id": "block_001_profit_and_loss_statement",
  "label": "Profit And Loss Statement",
  "category": "2 Financial Reports",
  "description": "A UMG block for Profit And Loss Statement.",
  "molt_type": "Instruction",
  "tags": [
    "loss",
    "profit",
    "ai",
    "umg",
    "block",
    "builder",
    "statement",
    "and"
  ],
  "cantocore": "INST:PROFIT_AND_LOSS_STATEMENT",
  "snap_config": {
    "snap_to": [
      "stack"
    ],
    "fit_score": 100
  },
  "merge_logic": {},
  "ledger": {
    "originator": "Christopher L Haynes",
    "verified_by": "PoeUMG",
    "created_at": "2025-06-30T00:54:12.249450",
    "edit_log": []
  },
  "display": {},
  "code_modules": [],
  "runtime_behavior_flags": {},
  "agent_orchestration": {},
  "integration_layer": {},
  "future_extensions": [],
  "example_block_data": {}
}