{
  "block_id": "block_002_balance_sheet",
  "label": "Balance Sheet",
  "category": "2 Financial Reports",
  "description": "A UMG block for Balance Sheet.",
  "molt_type": "Instruction",
  "tags": [
    "ai",
    "umg",
    "block",
    "sheet",
    "builder",
    "balance"
  ],
  "cantocore": "INST:BALANCE_SHEET",
  "snap_config": {
    "snap_to": [
      "stack"
    ],
    "fit_score": 100
  },
  "merge_logic": {},
  "ledger": {
    "originator": "Christopher L Haynes",
    "verified_by": "PoeUMG",
    "created_at": "2025-06-30T00:54:12.249997",
    "edit_log": []
  },
  "display": {},
  "code_modules": [],
  "runtime_behavior_flags": {},
  "agent_orchestration": {},
  "integration_layer": {},
  "future_extensions": [],
  "example_block_data": {}
}